cv,metric,model,mean,std
0.2616404523439228,params_norm,BNN-ODE,0.280484557171253,0.07338610641377151
-0.7014477429717344,noise_level,BNN-ODE,-0.06165534145681306,0.04324800010703313
