cv,metric,model,mean,std
0.3010819944687348,params_norm,BNN-ODE,0.2614682791019537,0.07872339096232403
-0.7014477429717343,noise_level,BNN-ODE,-0.6165534145681308,0.43248000107033135
